City_ID,City,Lat,Lng,Max Temp,Humidity,Cloudiness,Wind Speed,Country,Date
0,grytviken,-54.2811,-36.5092,7.14,84,54,5.28,GS,1706589132
1,riachao das neves,-11.7461,-44.91,20.55,92,28,0.51,BR,1706589133
2,longyearbyen,78.2186,15.6401,-2.09,74,75,5.14,SJ,1706589133
3,flying fish cove,-10.4217,105.6791,26.82,94,100,2.06,CX,1706589133
4,puerto natales,-51.7236,-72.4875,8.94,95,100,0.97,CL,1706589133
5,adamstown,-25.066,-130.1015,24.53,80,100,6.39,PN,1706589134
6,orsk,51.2049,58.5668,-11.5,92,0,2.0,RU,1706589134
7,jamestown,42.097,-79.2353,-0.55,96,100,3.09,US,1706588873
8,pacific grove,36.6177,-121.9166,13.82,85,0,2.57,US,1706588945
9,badger,64.8,-147.5333,-23.26,71,100,0.0,US,1706589135
10,kodiak,57.79,-152.4072,-15.27,51,0,4.63,US,1706589135
11,waitangi,-43.9535,-176.5597,19.34,95,96,2.24,NZ,1706589135
12,rosice,49.1823,16.3879,0.52,87,0,5.66,CZ,1706589135
13,adel,31.1371,-83.4235,6.94,95,0,2.68,US,1706589135
14,manggar,-2.8833,108.2667,29.42,68,85,2.44,ID,1706589136
15,laguna,38.421,-121.4238,15.59,85,0,0.0,US,1706589136
16,kidal,18.4411,1.4078,15.59,21,0,5.92,ML,1706589136
17,blackmans bay,-43.0167,147.3167,23.07,41,25,3.52,AU,1706589136
18,anadyr,64.75,177.4833,-34.72,75,100,6.0,RU,1706589136
19,vorgashor,67.5833,63.95,-13.5,85,100,7.76,RU,1706589137
20,port saint john's,-31.6229,29.5448,25.13,82,34,8.91,ZA,1706589137
21,santo antonio do ica,-3.1022,-67.9397,24.03,98,97,0.88,BR,1706589137
22,kalevala,65.2,31.1667,-0.51,89,88,6.26,RU,1706589137
23,fort st. john,56.2499,-120.8529,7.94,61,20,2.57,CA,1706588908
24,bilibino,68.0546,166.4372,-31.09,99,100,2.01,RU,1706589138
25,marataizes,-21.0433,-40.8244,23.59,96,99,2.6,BR,1706589138
26,grand-lahou,5.1367,-5.0242,25.48,87,10,2.84,CI,1706589138
27,vila franca do campo,37.7167,-25.4333,18.27,99,58,6.08,PT,1706589138
28,cabo san lucas,22.8909,-109.9124,24.61,57,100,1.72,MX,1706589128
29,mirnyy,62.5353,113.9611,-26.63,89,18,2.62,RU,1706589139
30,constantia,44.1833,28.65,1.5,79,99,8.24,RO,1706589139
31,edinburgh of the seven seas,-37.0676,-12.3116,15.3,64,28,10.92,SH,1706589139
32,ribeira grande,38.5167,-28.7,16.54,91,89,3.13,PT,1706589140
33,uturoa,-16.7333,-151.4333,28.86,74,63,1.79,PF,1706589140
34,center,31.5107,-96.4247,14.22,72,0,3.6,US,1706589140
35,patrocinio,-18.9439,-46.9925,18.35,66,27,0.61,BR,1706589140
36,kununurra,-15.7667,128.7333,35.99,52,13,3.09,AU,1706589141
37,albany,42.6001,-73.9662,-1.62,81,95,1.22,US,1706588868
38,nur-sultan,51.1801,71.446,-27.03,76,44,2.0,KZ,1706589141
39,bethel,41.3712,-73.414,1.53,63,100,3.09,US,1706589141
40,kralendijk,12.15,-68.2667,25.99,83,20,5.66,BQ,1706589141
41,moab,38.5733,-109.5498,4.03,61,0,0.53,US,1706589013
42,tiksi,71.6872,128.8694,-27.77,98,79,2.77,RU,1706589142
43,xai-xai,-25.0519,33.6442,24.77,82,19,0.7,MZ,1706589142
44,sotik post,-0.7813,35.3416,15.39,71,65,0.96,KE,1706589142
45,west island,-12.1568,96.8225,29.99,62,40,2.57,CC,1706589143
46,la mira,18.035,-102.3266,24.17,79,100,1.16,MX,1706589143
47,manismata,-2.4667,111.0333,30.96,65,86,1.35,ID,1706589143
48,yellowknife,62.456,-114.3525,0.72,100,0,2.57,CA,1706588957
49,grand baie,-20.0182,57.5802,27.47,88,14,1.34,MU,1706589144
50,fortaleza,-3.7227,-38.5247,28.45,78,20,5.14,BR,1706588978
51,enewetak,11.3474,162.3373,26.32,62,7,7.57,MH,1706589144
52,hawaiian paradise park,19.5933,-154.9731,23.91,90,7,1.07,US,1706589144
53,tulagi,-9.0996,160.1476,27.88,80,90,10.78,SB,1706589144
54,tazovsky,67.4667,78.7,-23.47,95,53,6.46,RU,1706589145
55,flin flon,54.7682,-101.865,-1.71,98,100,3.69,CA,1706588651
56,sao paulo de olivenca,-3.3783,-68.8725,23.48,98,85,0.44,BR,1706589145
57,port-aux-francais,-49.35,70.2167,4.08,71,94,17.1,TF,1706589145
58,invercargill,-46.4,168.35,18.9,68,42,4.02,NZ,1706589145
59,margaret river,-33.95,115.0667,24.29,51,0,5.2,AU,1706589145
60,egilsstadir,65.2653,-14.3948,3.95,70,75,7.2,IS,1706589146
61,hobyo,5.3505,48.5268,26.58,71,100,8.55,SO,1706589146
62,nova sintra,14.8667,-24.7167,21.03,66,67,6.83,CV,1706589146
63,iqaluit,63.7506,-68.5145,-21.84,76,100,7.2,CA,1706589146
64,wailua homesteads,22.0669,-159.378,25.44,72,0,5.66,US,1706589146
65,ilulissat,69.2167,-51.1,-21.99,71,100,6.17,GL,1706589147
66,tazacorte,28.629,-17.9293,18.42,32,57,4.47,ES,1706589147
67,coxen hole,16.3244,-86.5366,24.6,65,75,3.6,HN,1706589147
68,la'ie,21.6477,-157.9253,23.98,80,11,2.68,US,1706589147
69,whitehorse,60.7161,-135.0538,3.94,86,75,6.17,CA,1706588889
70,hasaki,35.7333,140.8333,11.22,55,61,3.76,JP,1706589147
71,mount isa,-20.7333,139.5,36.87,36,40,5.66,AU,1706589148
72,nkove,-7.95,30.85,21.06,95,100,2.21,TZ,1706589148
73,qaqortoq,60.7167,-46.0333,-25.71,78,3,2.8,GL,1706589148
74,touros,-5.1989,-35.4608,26.78,80,13,5.14,BR,1706588986
75,labytnangi,66.6572,66.4183,-22.56,99,100,1.52,RU,1706589148
76,codrington,-38.2667,141.9667,19.5,51,0,6.5,AU,1706589149
77,ust-nera,64.5667,143.2,-30.45,99,100,1.18,RU,1706589149
78,polyarnyy,69.1989,33.4478,-0.91,70,76,17.25,RU,1706589149
79,kristiansund,63.1115,7.732,4.36,52,20,2.06,NO,1706589149
80,sijunjung,-0.6876,100.9537,29.54,63,98,0.39,ID,1706589149
81,mount gambier,-37.8333,140.7667,21.67,38,0,5.21,AU,1706589150
82,sao vicente,-23.9631,-46.3919,26.82,26,26,1.5,BR,1706589150
83,angaur state,6.906,134.13,27.43,83,100,7.81,PW,1706589150
84,mersing,2.4312,103.8405,28.95,74,40,4.12,MY,1706589150
85,carnarvon,-24.8667,113.6333,29.37,54,0,6.78,AU,1706589150
86,georgetown,5.4112,100.3354,32.75,60,20,4.12,MY,1706589150
87,nelson bay,-32.7167,152.15,30.03,81,87,8.49,AU,1706589151
88,zouerate,22.7187,-12.4521,15.21,17,0,3.76,MR,1706589151
89,amahai,-3.3333,128.9167,31.07,60,81,3.16,ID,1706589151
90,keflavik,64.0049,-22.5624,-1.05,93,75,18.01,IS,1706589151
91,westport,41.1415,-73.3579,2.4,68,100,3.09,US,1706589152
92,haimen,23.1935,116.6142,16.94,83,100,4.14,CN,1706589152
93,alta,69.9689,23.2717,-0.41,86,75,6.17,NO,1706589152
94,walvis bay,-22.9575,14.5053,17.53,82,0,0.0,NA,1706589152
95,vikulovo,56.8167,70.6107,-16.89,97,99,1.61,RU,1706589152
96,thompson,55.7435,-97.8558,-2.91,93,100,2.57,CA,1706589153
97,punta arenas,-53.15,-70.9167,11.06,66,75,1.03,CL,1706588873
98,puerto deseado,-47.7503,-65.8938,14.37,73,81,4.91,AR,1706589153
99,cole harbour,44.6724,-63.4751,-6.29,80,100,5.81,CA,1706589153
100,ushuaia,-54.8,-68.3,8.81,76,40,2.06,AR,1706589154
101,baharly,38.4362,57.4316,3.14,70,12,2.45,TM,1706589154
102,dudinka,69.4058,86.1778,-17.99,81,100,9.16,RU,1706589154
103,male,4.1748,73.5089,29.97,74,40,5.14,MV,1706589154
104,hithadhoo,-0.6,73.0833,28.21,73,11,4.19,MV,1706589155
105,yaren,-0.5472,166.916,29.11,71,65,8.53,NR,1706589155
106,mizan teferi,6.9833,35.5833,19.82,64,46,1.2,ET,1706589155
107,prainha,-1.8,-53.48,23.75,92,98,1.33,BR,1706589155
108,lebu,-37.6167,-73.65,13.08,86,44,4.63,CL,1706589155
109,st. john's,47.5649,-52.7093,-4.46,92,100,13.41,CA,1706589156
110,afaahiti,-17.75,-149.2833,29.93,77,88,2.65,PF,1706589156
111,saynshand,44.8824,110.1163,-20.07,88,93,3.84,MN,1706589156
112,trairi,-3.2778,-39.2689,26.1,79,41,3.81,BR,1706589156
113,cedar city,37.6775,-113.0619,5.22,77,0,0.0,US,1706588915
114,atafu village,-8.5421,-172.5159,29.74,69,77,2.09,TK,1706589157
115,iquique,-20.2208,-70.1431,22.02,77,27,2.21,CL,1706589157
116,taroa,8.7058,171.2275,26.61,84,100,9.86,MH,1706589157
117,mar del plata,-38.0023,-57.5575,21.64,84,0,4.92,AR,1706589084
118,port alfred,-33.5906,26.891,21.77,87,84,1.79,ZA,1706589158
119,praia da vitoria,38.7333,-27.0667,16.53,88,75,4.96,PT,1706589158
120,usinsk,65.9939,57.5281,-12.18,94,100,8.05,RU,1706589158
121,llorente,11.4119,125.5458,25.77,86,100,6.94,PH,1706589158
122,san patricio,28.017,-97.5169,14.35,59,99,2.92,US,1706589158
123,avarua,-21.2078,-159.775,29.03,79,100,3.09,CK,1706589159
124,puerto ayora,-0.7393,-90.3518,25.0,89,75,4.28,EC,1706589159
125,ancud,-41.8697,-73.8203,11.42,78,90,1.05,CL,1706589159
126,saipan,15.1355,145.701,29.39,61,40,7.72,MP,1706589159
127,lahad datu,5.0268,118.327,28.65,75,100,2.87,MY,1706589159
128,palikir - national government center,6.9248,158.1611,30.47,66,100,4.63,FM,1706589160
129,port elizabeth,-33.918,25.5701,21.84,85,40,1.54,ZA,1706589160
130,tallahassee,30.4383,-84.2807,8.51,90,0,0.0,US,1706589067
131,puerto baquerizo moreno,-0.9,-89.6,25.03,87,79,5.29,EC,1706589160
132,ulsan,35.5372,129.3167,8.63,50,21,1.89,KR,1706589160
133,samana,19.2056,-69.3369,22.29,90,22,1.57,DO,1706589160
134,isafjordur,66.0755,-23.124,-2.62,81,86,9.16,IS,1706589161
135,itamarandiba,-17.8572,-42.8589,18.4,99,95,0.51,BR,1706589161
136,juneau,58.3019,-134.4197,6.0,95,100,8.23,US,1706589161
137,kapuskasing,49.4169,-82.4331,-0.95,86,100,3.09,CA,1706589161
138,newnham,-41.3833,147.1333,24.53,43,40,8.23,AU,1706589161
139,kuqa,41.7278,82.9364,-1.6,49,100,1.24,CN,1706589162
140,quzhou,28.9594,118.8686,14.49,79,86,0.43,CN,1706589162
141,makinsk,52.6292,70.4169,-17.66,100,97,2.11,KZ,1706589162
142,vila velha,-20.3297,-40.2925,23.97,97,0,2.57,BR,1706589162
143,amga,60.8953,131.9608,-33.34,95,94,0.81,RU,1706589162
144,recani,31.2846,-4.2688,12.12,27,99,1.49,MA,1706589163
145,nuku'alofa,-21.1333,-175.2,29.19,74,75,3.6,TO,1706589091
146,howrah,22.5892,88.3103,23.0,64,1,4.12,IN,1706589163
147,tash-kumyr,41.3461,72.2171,4.13,98,100,2.55,KG,1706589163
148,guerrero negro,27.9769,-114.0611,18.18,55,79,4.06,MX,1706589163
149,pedro velho,-6.4392,-35.2214,24.71,88,1,2.54,BR,1706589164
150,urucara,-2.5364,-57.76,24.13,90,45,0.46,BR,1706589164
151,sao miguel do tapuio,-5.5036,-41.3233,23.13,62,46,0.98,BR,1706589164
152,ciudad bolivar,8.1222,-63.5497,27.24,65,55,5.26,VE,1706589164
153,stanley,54.868,-1.6985,4.84,94,100,5.66,GB,1706589083
154,turkmenbasy,40.0222,52.9552,1.43,93,100,2.06,TM,1706589165
155,quang ngai,15.1167,108.8,25.69,69,79,2.18,VN,1706589165
156,papao,-17.75,-149.55,30.82,78,80,2.33,PF,1706589165
157,hadibu,12.65,54.0333,24.98,70,52,3.04,YE,1706589165
158,arraial do cabo,-22.9661,-42.0278,24.02,92,6,2.24,BR,1706589165
159,mu'minobod,38.1085,70.0285,2.35,98,100,1.69,TJ,1706589166
160,kameshkovo,56.3481,41.0047,-0.71,88,100,5.37,RU,1706589166
161,tayshet,55.9342,98.0044,-22.4,88,15,3.33,RU,1706589166
162,tsiombe,-25.3,45.4833,25.76,65,3,7.05,MG,1706589166
163,utrik,11.2278,169.8474,26.4,73,98,7.67,MH,1706589166
164,okhotsk,59.3833,143.3,-19.72,81,88,2.17,RU,1706589140
165,lycksele,64.5954,18.6735,3.02,70,69,0.0,SE,1706589023
166,olonkinbyen,70.9221,-8.7187,-4.92,83,100,11.19,SJ,1706589167
167,otjiwarongo,-20.4637,16.6477,19.45,68,89,3.3,NA,1706589167
168,cockburn town,21.4612,-71.1419,24.78,79,3,7.82,TC,1706589167
169,mossel bay,-34.1831,22.146,17.96,76,91,1.48,ZA,1706589167
170,canutama,-6.5339,-64.3831,23.77,97,43,0.88,BR,1706589167
171,farsala,39.2947,22.3847,5.19,95,88,1.32,GR,1706589168
172,luena,-11.7833,19.9167,28.1,47,97,2.57,AO,1706589168
173,selfoss,63.9331,-20.9971,-1.64,77,100,7.93,IS,1706589168
174,el jadid,33.2549,-8.506,15.62,42,1,3.1,MA,1706589168
175,imeko,7.45,2.85,23.37,68,1,1.17,NG,1706589168
176,chernyshevskiy,63.0128,112.4714,-30.68,90,42,1.29,RU,1706589169
177,santiago de cao,-7.9589,-79.2392,24.07,83,20,4.12,PE,1706589169
178,lazaro cardenas,17.9583,-102.2,24.68,78,100,1.25,MX,1706589169
179,klaksvik,62.2266,-6.589,7.51,80,97,15.91,FO,1706589169
180,kone,-21.0595,164.8658,29.54,54,75,3.09,NC,1706589169
181,ifrane,33.3333,-5.25,5.72,54,70,1.24,MA,1706589170
182,constitucion,-35.3333,-72.4167,14.67,64,1,3.87,CL,1706589170
183,panama city beach,30.1766,-85.8055,10.55,71,15,1.34,US,1706589170
184,kerikeri,-35.2268,173.9474,26.62,67,79,2.24,NZ,1706589170
185,lihue,21.9789,-159.3672,25.77,71,0,5.66,US,1706589171
186,amal,59.051,12.7049,0.58,99,100,0.95,SE,1706589171
187,bubaque,11.2833,-15.8333,25.18,63,40,3.07,GW,1706589171
188,college,64.8569,-147.8028,-23.22,64,100,0.0,US,1706589171
189,verkhnevilyuysk,63.4453,120.3167,-27.42,90,54,2.44,RU,1706589171
190,alice springs,-23.7,133.8833,40.12,13,33,9.26,AU,1706588966
191,payakumbuh,-0.2202,100.6308,29.09,62,95,1.56,ID,1706589172
192,kiunga,-6.1219,141.2906,34.47,46,88,1.61,PG,1706589172
193,kachug,53.9606,105.8817,-27.46,91,47,0.77,RU,1706589172
194,zalingei,12.9096,23.4741,16.11,25,9,2.51,SD,1706589172
195,nadym,65.5333,72.5167,-21.55,97,16,6.75,RU,1706589172
196,bel ombre,-4.6167,55.4167,29.91,74,40,4.63,SC,1706589173
197,paita,-5.0892,-81.1144,23.61,86,94,4.25,PE,1706589173
198,levuka,50.1834,-105.4011,3.84,88,97,5.39,CA,1706589173
199,anna regina,7.2644,-58.5077,25.45,85,18,3.75,GY,1706589173
200,faranah,10.0404,-10.7434,20.01,21,67,0.62,GN,1706589173
201,ribeira brava,32.65,-17.0667,18.89,76,100,0.5,PT,1706589174
202,bocas del toro,9.3333,-82.25,22.81,78,57,5.03,PA,1706589124
203,durban,-29.8579,31.0292,22.51,85,7,5.27,ZA,1706589159
204,tura,25.5198,90.2201,22.96,29,0,1.38,IN,1706589174
205,weno,7.4515,151.8468,25.97,100,100,3.6,FM,1706589174
206,las heras,-46.5419,-68.9359,17.99,43,100,5.56,AR,1706589082
207,betio village,1.358,172.9211,31.02,72,94,5.64,KI,1706589175
208,port mathurin,-19.6833,63.4167,27.42,82,100,9.84,MU,1706589175
209,santa elena de uairen,4.6167,-61.1333,21.5,66,100,1.59,VE,1706589175
210,aasiaat,68.7098,-52.8699,-27.23,96,100,2.09,GL,1706589175
211,sokur,55.2093,83.319,-18.59,93,100,4.81,RU,1706589175
212,bredasdorp,-34.5322,20.0403,20.13,74,99,1.16,ZA,1706589176
213,forster,-32.1667,152.5167,25.16,77,98,4.82,AU,1706589176
214,bontang,0.1333,117.5,29.11,68,95,3.65,ID,1706589176
215,callao,-12.0667,-77.15,27.07,78,40,4.63,PE,1706589176
216,nova vicosa,-17.8919,-39.3719,25.28,89,100,5.42,BR,1706589035
217,san antonio de pale,-1.4014,5.6325,27.66,76,100,0.48,GQ,1706589176
218,hermanus,-34.4187,19.2345,16.56,82,100,0.95,ZA,1706589177
219,beyneu,45.3167,55.2,-6.8,75,64,4.17,KZ,1706589177
220,darwin,-12.4611,130.8418,25.59,94,75,5.14,AU,1706588942
221,vyalikaya byerastavitsa,53.196,24.0166,-1.15,79,99,5.05,BY,1706589177
222,khilok,51.3674,110.4676,-19.36,74,49,1.22,RU,1706589177
223,shalqar,47.8333,59.6,-11.97,92,89,4.3,KZ,1706589178
224,soe,-9.8607,124.284,27.92,58,98,4.25,ID,1706589178
225,nema,57.5067,50.5011,-3.78,96,100,3.18,RU,1706589178
226,talnakh,69.4865,88.3972,-18.22,84,100,4.34,RU,1706589178
227,labrador city,52.9463,-66.9114,-33.79,64,0,1.03,CA,1706589178
228,pekan nenas,1.51,103.5141,31.15,67,93,3.21,MY,1706589179
229,gadzhiyevo,69.2551,33.3362,-1.27,70,66,17.87,RU,1706589179
230,susuman,62.7833,148.1667,-29.45,88,89,0.45,RU,1706589179
231,fort bragg,35.139,-79.006,6.75,73,0,0.89,US,1706589179
232,hilo,19.7297,-155.09,25.85,79,20,3.09,US,1706589179
233,maine soroa,13.2114,12.0241,16.58,32,71,4.5,NE,1706589180
234,mount pearl,47.5166,-52.7813,-4.92,92,100,13.38,CA,1706589180
235,alofi,-19.0595,-169.9187,27.84,78,99,2.87,NU,1706589180
236,pisco,-13.7,-76.2167,24.03,78,0,5.14,PE,1706589180
237,cidreira,-30.1811,-50.2056,20.24,91,4,2.71,BR,1706589180
238,island harbour,50.724,-1.2758,9.56,87,100,3.13,GB,1706589180
239,sitka,57.0531,-135.33,6.94,93,100,1.54,US,1706589181
240,los frentones,-26.4077,-61.4137,24.07,45,0,2.3,AR,1706589181
241,crane,31.3974,-102.3501,12.5,51,100,4.31,US,1706589181
242,shizuishan,39.2333,106.7694,-0.27,26,0,0.85,CN,1706589181
243,graaff-reinet,-32.2522,24.5308,19.4,71,22,1.96,ZA,1706589181
244,fortuna,40.5982,-124.1573,16.51,55,0,0.0,US,1706589182
245,urangan,-25.3,152.9,26.78,97,100,3.13,AU,1706589182
246,sisimiut,66.9395,-53.6735,-25.87,93,96,3.85,GL,1706589182
247,yulinshi,38.2906,109.7494,-0.15,69,46,1.89,CN,1706589182
248,kirensk,57.7853,108.1119,-34.46,97,62,0.89,RU,1706588970
249,remire-montjoly,4.9167,-52.2667,24.02,94,100,1.03,GF,1706589183
250,namtsy,62.7161,129.6658,-37.38,97,93,0.61,RU,1706589183
251,charlottetown,46.2352,-63.1267,-7.35,80,100,10.8,CA,1706589183
252,armacao de buzios,-22.7469,-41.8817,25.03,95,25,0.98,BR,1706589183
253,colby,39.3958,-101.0524,1.03,93,0,4.63,US,1706589183
254,tateyama,34.9833,139.8667,10.98,58,4,2.71,JP,1706589184
255,brokopondo,4.75,-55.1667,24.95,90,86,3.93,SR,1706589184
256,sinabang,2.4803,96.3801,29.33,69,94,1.33,ID,1706589184
257,brookings,44.3114,-96.7984,1.88,93,0,4.63,US,1706589160
258,kuanda,56.3161,116.0806,-30.6,91,94,0.94,RU,1706589184
259,margate,51.3813,1.3862,9.94,84,100,1.34,GB,1706588886
260,sorong,-0.8833,131.25,29.04,73,12,3.3,ID,1706589185
261,taulaga,-11.0553,-171.0883,29.85,69,72,1.28,AS,1706589185
262,houma,29.5958,-90.7195,10.56,81,0,0.0,US,1706589157
263,port lincoln,-34.7333,135.8667,20.22,54,17,7.68,AU,1706589185
264,kodinsk,58.6881,99.1844,-23.09,90,24,0.21,RU,1706589185
265,karachi,24.9056,67.0822,20.9,56,40,3.09,PK,1706589109
266,oeiras do para,-2.0031,-49.8544,23.38,98,100,1.9,BR,1706589186
267,trondheim,63.4305,10.3951,5.05,62,7,1.81,NO,1706589014
268,caibarien,22.5206,-79.4669,15.62,63,28,4.44,CU,1706589186
269,severo-yeniseyskiy,60.3725,93.0408,-23.01,86,25,1.34,RU,1706589186
270,kita,13.0349,-9.4895,18.83,18,71,2.01,ML,1706589186
271,charcas,23.1333,-101.1167,11.29,58,100,2.09,MX,1706589187
272,vozhega,60.4725,40.2213,-0.35,85,100,4.51,RU,1706589187
273,north bondi,-33.8824,151.2769,28.83,79,82,2.24,AU,1706589187
274,petropavlovsk-kamchatsky,53.0452,158.6483,-8.67,84,40,3.58,RU,1706589187
275,tucuma,-0.1833,-50.05,24.17,95,87,1.84,BR,1706589188
276,tindouf,27.6711,-8.1474,11.25,24,0,2.57,DZ,1706589188
277,santa rosalia,27.3167,-112.2833,17.35,46,100,1.21,MX,1706589188
278,morehead city,34.7229,-76.726,8.0,83,0,4.47,US,1706589188
279,hammerfest,70.6634,23.6821,0.25,74,40,14.4,NO,1706589188
280,lompoc,34.6391,-120.4579,16.62,79,0,3.6,US,1706589133
281,langepas,61.2544,75.2124,-22.38,100,100,3.25,RU,1706589189
282,nuuk,64.1835,-51.7216,-16.66,60,75,4.12,GL,1706589189
283,dampit,-8.2116,112.7493,23.91,94,98,1.21,ID,1706589189
284,yuzhno-kurilsk,44.0306,145.8556,0.76,77,48,3.67,RU,1706589189
285,dolores,-36.3132,-57.6792,18.75,84,37,3.32,AR,1706589190
286,auki,-8.7676,160.7034,26.04,90,100,5.92,SB,1706589190
287,ebon,4.582,168.6964,25.01,91,100,9.65,MH,1706589190
288,santo antonio,-6.3106,-35.4789,24.36,88,0,2.75,BR,1706589190
289,svilengrad,41.7667,26.2,0.5,78,100,6.83,BG,1706589190
290,plettenberg bay,-34.0527,23.3716,19.94,73,26,0.12,ZA,1706589191
291,longquan,24.6719,102.1613,17.02,48,9,4.59,CN,1706589191
292,altay,47.8667,88.1167,-11.59,78,19,0.55,CN,1706589191
293,laojunmiao,39.8333,97.7333,-1.38,23,98,3.3,CN,1706589191
294,kabwe,-14.4469,28.4464,18.7,86,0,1.34,ZM,1706589005
295,vilyuysk,63.7553,121.6247,-30.56,93,36,2.68,RU,1706589192
296,brainerd,46.358,-94.2008,3.16,81,100,7.2,US,1706589192
297,vernon,50.2581,-119.2691,6.83,94,100,1.54,CA,1706589192
298,beira,-19.8436,34.8389,27.05,94,40,2.57,MZ,1706589192
299,vardenik,40.1393,45.4334,-7.73,87,100,1.98,AM,1706589193
300,chonchi,-42.6128,-73.8092,10.62,86,80,0.75,CL,1706589193
301,vadso,70.0744,29.7487,1.09,69,40,17.49,NO,1706589193
302,at taj,24.2049,23.2857,6.57,61,2,3.3,LY,1706589005
303,slave lake,55.2834,-114.769,-2.01,93,75,2.06,CA,1706589193
304,maputo,-25.9653,32.5892,22.82,88,75,2.06,MZ,1706589194
305,bairnsdale,-37.8333,147.6167,24.47,67,46,0.45,AU,1706589194
306,udachny,66.4167,112.4,-24.94,100,99,1.0,RU,1706589194
307,colonia,50.9333,6.95,9.86,82,0,3.09,DE,1706588988
308,uacu cungo,-11.3634,15.1208,17.51,98,100,0.4,AO,1706589194
309,bata,1.8639,9.7658,26.37,88,31,1.8,GQ,1706589195
310,skeldon,5.8833,-57.1333,25.0,88,28,2.7,GY,1706589195
311,rongelap,11.1635,166.8941,26.15,78,84,9.02,MH,1706589195
312,dauphin,51.1494,-100.0502,0.08,80,0,5.14,CA,1706589195
313,bandon,51.7469,-8.7425,2.77,84,3,1.99,IE,1706589195
314,sydney,-33.8679,151.2073,28.51,78,83,2.24,AU,1706588948
315,haiku-pauwela,20.9219,-156.3051,24.47,81,40,10.29,US,1706589196
316,tofol,5.3248,163.0078,28.88,74,100,7.2,FM,1706589196
317,sandakan,5.8402,118.1179,29.82,74,40,5.36,MY,1706589196
318,bahia blanca,-38.7196,-62.2724,23.26,72,0,2.46,AR,1706589196
319,ierapetra,35.01,25.7353,9.52,62,40,6.71,GR,1706589197
320,xichang,27.8964,102.2634,13.94,43,7,1.7,CN,1706589197
321,huarmey,-10.0681,-78.1522,24.13,82,97,2.88,PE,1706589197
322,korla,41.7597,86.1469,-3.35,64,100,1.21,CN,1706589197
323,alesund,62.4723,6.1549,5.08,60,66,4.12,NO,1706589197
324,campina grande do sul,-25.3056,-49.0553,19.14,73,7,1.23,BR,1706589198
325,fort-shevchenko,44.5086,50.263,-3.65,80,46,5.92,KZ,1706589198
326,narrabri,-30.3167,149.7833,33.62,54,47,0.89,AU,1706589198
327,lindley,-27.8791,27.9135,20.51,58,10,0.98,ZA,1706589198
328,kruisfontein,-34.0033,24.7314,18.82,71,73,2.16,ZA,1706589199
329,iskateley,67.6803,53.1512,-2.21,96,100,9.39,RU,1706589199
330,freetown,8.484,-13.2299,26.84,89,83,3.09,SL,1706589199
331,san luis de la loma,17.2706,-100.8939,25.05,76,100,0.93,MX,1706589199
332,papatowai,-46.5619,169.4708,15.71,79,74,5.04,NZ,1706589200
333,castro,-24.7911,-50.0119,15.82,73,16,1.32,BR,1706589200
334,robinson,31.4677,-97.1147,13.79,72,0,3.6,US,1706589200
335,kadinhani,38.2397,32.2114,-3.65,82,100,4.78,TR,1706589200
336,yarkovo,57.4028,67.0786,-19.97,100,100,1.76,RU,1706589200
337,chacabuco,-34.6417,-60.4739,22.12,46,2,2.8,AR,1706589201
338,farafangana,-22.8167,47.8333,24.51,73,75,2.51,MG,1706589201
339,gao,16.6362,1.637,16.36,20,3,7.0,ML,1706589201
340,luga,58.7372,29.8453,-0.12,97,100,1.9,RU,1706589085
341,dunedin,-45.8742,170.5036,17.67,74,49,4.02,NZ,1706589201
342,luderitz,-26.6481,15.1594,18.62,58,1,3.27,NA,1706589202
343,cosenza,39.31,16.2502,6.39,92,5,7.72,IT,1706589202
344,nar'yan-mar,67.6713,53.087,-2.16,96,100,9.39,RU,1706589202
345,rio grande,-32.035,-52.0986,19.93,82,12,3.24,BR,1706589061
346,kirakira,-10.4544,161.9205,27.54,86,98,4.14,SB,1706589202
347,richards bay,-28.783,32.0377,24.61,77,27,4.65,ZA,1706589203
348,barcelos,41.5388,-8.6151,13.84,78,84,2.35,PT,1706589203
349,barkly west,-28.5354,24.5215,20.6,41,57,0.91,ZA,1706589203
350,holualoa,19.6228,-155.9522,24.91,85,75,7.2,US,1706589203
351,kasongo-lunda,-6.4667,16.8167,21.52,99,100,0.84,CD,1706589203
352,inhambane,-23.865,35.3833,26.18,77,28,3.69,MZ,1706589204
353,mil'kovo,55.6078,37.7956,0.33,87,100,5.39,RU,1706589204
354,quellon,-43.1167,-73.6167,11.02,80,81,1.2,CL,1706589146
355,san pedro pochutla,15.7333,-96.4667,22.07,64,0,1.26,MX,1706589204
356,zaozersk,69.4005,32.4476,-2.11,73,49,18.02,RU,1706589196
357,katsuura,35.1333,140.3,11.66,56,8,2.71,JP,1706589205
358,klyuchi,52.2667,79.1667,-13.48,89,95,3.24,RU,1706589205
359,chibougamau,49.9168,-74.3659,-20.21,77,0,1.54,CA,1706589205
360,tolanaro,-25.0319,46.9987,25.04,78,40,3.09,MG,1706589205
361,aripuana,-9.1667,-60.6333,22.0,95,100,0.94,BR,1706589205
362,coahuayana de hidalgo,18.7,-103.6583,23.11,79,100,1.18,MX,1706589206
363,north platte,41.1239,-100.7654,4.65,80,0,1.34,US,1706589206
364,caleta de carquin,-11.0925,-77.6267,24.14,79,99,2.88,PE,1706589206
365,malango,-2.9627,119.9001,28.7,64,45,1.2,ID,1706589207
366,pathein,16.7833,94.7333,31.21,32,3,3.73,MM,1706589207
367,alaghsas,17.0187,8.0168,18.18,19,25,7.11,NE,1706589207
368,ladario,-19.0047,-57.6017,25.0,66,83,1.08,BR,1706589030
369,san pedro,14.35,121.0167,30.75,61,75,5.36,PH,1706589207
370,boguchany,58.3814,97.4531,-24.52,94,29,0.89,RU,1706589208
371,muang phonsavan,19.45,103.2167,26.05,37,6,1.81,LA,1706589208
372,ola,59.5833,151.2833,-17.91,79,81,3.53,RU,1706589208
373,gwanda,-20.9333,29.0,21.47,56,8,2.43,ZW,1706589208
374,lata,40.1629,-8.3327,8.37,87,62,1.79,PT,1706589208
375,malpica,43.3228,-8.8105,13.09,84,69,2.4,ES,1706589209
376,tissemsilt,35.6072,1.8108,4.76,63,100,2.14,DZ,1706589209
377,fale old settlement,-9.3852,-171.2468,29.85,68,89,1.27,TK,1706589209
378,wanning,18.8003,110.3967,24.84,67,73,1.94,CN,1706589209
379,nabire,-3.3667,135.4833,30.79,63,81,3.03,ID,1706589209
380,bryne,58.7354,5.6477,5.52,72,100,1.03,NO,1706589210
381,faro,37.0194,-7.9322,14.42,94,20,3.6,PT,1706589210
382,ad dabbah,18.05,30.95,12.82,34,44,4.1,SD,1706589210
383,vilyuchinsk,52.9306,158.4028,-7.85,79,89,2.6,RU,1706589210
384,warwick,41.7001,-71.4162,1.22,78,100,6.17,US,1706589022
385,enoch,37.7733,-113.0244,5.82,78,0,0.45,US,1706589211
386,kingston,17.997,-76.7936,25.53,85,20,1.03,JM,1706588921
387,jahangirpur,28.1833,77.7167,18.23,52,50,0.28,IN,1706589211
388,thayetmyo,19.3167,95.1833,30.12,16,1,1.65,MM,1706589211
389,urzhar,47.093,81.6294,-8.69,81,97,0.95,KZ,1706589211
390,chui,-33.6971,-53.4616,17.6,86,0,0.89,UY,1706589212
391,kenai,60.5544,-151.2583,-14.95,78,0,13.89,US,1706589212
392,dalandzadgad,43.5708,104.425,-12.82,68,2,0.93,MN,1706589212
393,tabuk,17.4189,121.4443,26.21,59,37,3.26,PH,1706589212
394,shuangjiang,26.1547,109.7138,9.16,96,100,1.4,CN,1706589213
395,la passe,45.5549,-0.8967,10.13,91,100,2.47,FR,1706589213
396,kailua-kona,19.6406,-155.9956,26.98,85,75,7.2,US,1706588975
397,tarawa,1.419,172.984,31.05,70,40,6.17,KI,1706589213
398,saldanha,-33.0117,17.9442,18.03,88,99,2.21,ZA,1706589214
399,nurdagi,37.1773,36.7419,3.99,68,100,4.36,TR,1706589214
400,leava,-14.3,-178.1667,29.68,82,100,6.14,WF,1706589214
401,loch garman,52.3342,-6.4575,2.72,100,21,3.13,IE,1706589170
402,kosh-agach,50.0,88.6667,-24.83,97,45,0.45,RU,1706589215
403,yeonggwang,35.275,126.5094,7.81,36,8,0.9,KR,1706589215
404,rancho palos verdes,33.7445,-118.387,19.75,63,0,4.12,US,1706589157
405,capayan,-28.761,-66.0502,27.75,39,0,3.92,AR,1706589215
406,antalaha,-14.9003,50.2788,25.28,89,97,2.45,MG,1706589215
407,halifax,44.6453,-63.5724,-6.0,81,99,5.81,CA,1706589069
408,bassar,9.25,0.7833,22.15,23,26,1.78,TG,1706589216
409,gremyachevo,54.7503,38.5869,-2.2,88,100,6.71,RU,1706589216
410,amilly,47.9728,2.7719,10.03,89,100,4.08,FR,1706589216
411,faya-largeau,17.9257,19.1043,14.21,37,84,10.59,TD,1706589216
412,ingleside,27.8778,-97.2117,14.43,77,0,2.57,US,1706589164
413,kapa'a,22.0752,-159.319,26.18,70,0,5.66,US,1706589217
414,laminusa,5.5549,120.9136,26.99,81,100,3.38,PH,1706589217
415,tuy hoa,13.0833,109.3,25.05,72,22,3.65,VN,1706589217
416,maues,-3.3836,-57.7186,23.66,94,28,1.14,BR,1706589217
417,al ain city,24.1917,55.7606,16.79,63,0,3.6,AE,1706589218
418,pangody,65.85,74.4859,-22.79,94,9,6.17,RU,1706589218
419,rabo de peixe,37.8,-25.5833,17.77,99,75,7.72,PT,1706589218
420,moroni,-11.7022,43.2551,27.5,76,98,2.02,KM,1706589218
421,srivardhan,18.0333,73.0167,27.77,35,75,2.35,IN,1706589218
422,korsakov,46.6328,142.7813,-3.09,69,77,4.81,RU,1706589218
423,altayskoye,51.9533,85.3325,-15.14,85,43,0.83,RU,1706589219
424,keelung,25.1283,121.7419,20.56,86,96,2.43,TW,1706589219
425,kanniyakumari,8.0833,77.5667,27.74,62,39,7.98,IN,1706589219
426,trevelin,-43.0858,-71.4639,16.71,53,100,2.24,AR,1706589219
427,hinton,53.4001,-117.5857,-0.26,94,83,2.28,CA,1706589219
428,dryden,49.7833,-92.7503,-1.84,93,100,5.14,CA,1706589220
429,cosala,24.4125,-106.6908,18.95,45,98,0.85,MX,1706589220
430,zhangye,38.9342,100.4517,3.87,17,73,0.39,CN,1706589220
431,zarqa,32.0728,36.088,7.95,100,75,4.12,JO,1706589220
432,maun,-19.9833,23.4167,20.98,100,0,2.06,BW,1706589220
433,sirvintos,55.05,24.95,-0.42,81,100,3.95,LT,1706589221
434,upington,-28.4478,21.2561,22.21,30,0,0.51,ZA,1706589221
435,la gi,10.6667,107.7833,29.33,55,41,7.41,VN,1706589221
436,alwar,27.5667,76.6,19.03,42,97,0.43,IN,1706589221
437,nyurba,63.2842,118.3319,-28.0,92,43,2.47,RU,1706589221
438,tamboril,19.4854,-70.611,23.43,94,75,2.06,DO,1706589222
439,borrazopolis,-23.9411,-51.5875,17.21,75,56,0.89,BR,1706589222
440,ta`u,-14.2336,-169.5144,29.14,76,94,3.18,AS,1706589222
441,mamuju,-2.6748,118.8885,30.17,69,51,3.69,ID,1706589222
442,lagoa,39.05,-27.9833,16.02,91,76,8.02,PT,1706589222
443,ngerengere,-6.75,38.1167,24.19,96,100,0.56,TZ,1706589223
444,serdar,38.9764,56.2757,2.63,67,17,2.73,TM,1706589223
445,magadan,59.5667,150.8,-17.82,78,87,2.81,RU,1706589223
446,hamilton,39.1834,-84.5333,1.72,86,100,4.63,US,1706589095
447,ciudad lazaro cardenas,17.9583,-102.2,24.68,78,100,1.25,MX,1706589223
448,newman,37.3138,-121.0208,16.27,90,75,0.89,US,1706589224
449,khiri mat,16.8333,99.8,26.04,68,86,3.63,TH,1706589224
450,moranbah,-22.0016,148.0466,36.46,40,100,5.25,AU,1706589224
451,dabai,11.4765,5.2063,20.99,16,52,4.85,NG,1706589224
452,nogliki,51.8333,143.1667,-10.92,86,100,3.13,RU,1706589224
453,paredon,16.0333,-93.8667,22.07,64,2,9.58,MX,1706589225
454,blagoevgrad,42.0167,23.1,-2.61,76,5,3.13,BG,1706589225
455,istmina,5.1605,-76.684,24.53,97,100,0.3,CO,1706589225
456,grand falls-windsor,48.9332,-55.6649,-11.39,84,99,3.58,CA,1706588997
457,st. paul,44.9444,-93.0933,4.95,78,100,5.66,US,1706588988
458,sao miguel do araguaia,-13.275,-50.1628,21.75,95,100,1.47,BR,1706589225
459,sidi ifni,29.3797,-10.173,19.4,30,0,3.31,MA,1706589226
460,linqiong,30.4159,103.4609,6.9,59,90,2.06,CN,1706589226
461,calca,-13.3333,-71.95,13.64,87,100,1.48,PE,1706589226
462,milagros,12.2181,123.5095,27.82,70,99,7.89,PH,1706589226
463,geraldton,-28.7667,114.6,34.23,31,0,7.72,AU,1706589226
464,fairfield,41.2668,-73.3162,1.71,70,100,3.09,US,1706589226
465,khor,47.8861,134.9464,-17.24,84,28,4.85,RU,1706589227
466,north vernon,39.0062,-85.6236,0.48,90,1,2.72,US,1706589227
467,chai nat,15.1167,100.1,28.36,99,100,0.6,TH,1706589227
468,strezhevoy,60.7333,77.5889,-21.13,100,93,2.24,RU,1706589227
469,urjala,61.0833,23.5333,-5.11,95,100,1.62,FI,1706589227
470,nouadhibou,20.931,-17.0347,19.67,47,0,6.41,MR,1706589228
471,posto fiscal rolim de moura,-13.0833,-62.2667,23.83,90,82,0.83,BR,1706589228
472,koh kong,11.6175,102.9806,29.35,61,55,3.53,KH,1706589228
473,shahrud,36.4182,54.9763,0.61,55,5,2.69,IR,1706589228
474,benguela,-12.5763,13.4055,26.38,81,100,1.31,AO,1706589228
475,dadukou,26.5479,101.7054,18.14,36,0,1.13,CN,1706589228
476,ballina,-28.8667,153.5667,24.9,87,93,5.57,AU,1706589229
477,poteau,35.0537,-94.6236,7.26,93,0,1.54,US,1706589229
478,igarka,67.4667,86.5833,-22.13,85,100,7.31,RU,1706589229
479,centralia,46.7162,-122.9543,13.2,95,75,2.57,US,1706589229
480,rupert,42.6191,-113.6772,3.97,87,0,5.66,US,1706589230
481,pskov,57.8136,28.3496,0.95,86,100,2.0,RU,1706589230
482,sydney mines,46.2367,-60.2177,-5.0,89,100,11.83,CA,1706589007
483,portland,45.5234,-122.6762,13.69,80,75,3.6,US,1706588572
484,junin de los andes,-39.9504,-71.0694,12.08,47,100,3.09,AR,1706589230
485,newala kisimani,-10.95,39.2833,20.94,94,100,0.91,TZ,1706589230
486,tadine,-21.55,167.8833,27.68,70,40,4.94,NC,1706589231
487,powell river,49.8496,-124.5361,13.44,84,100,11.51,CA,1706589231
488,huambo,-12.7761,15.7392,17.89,94,100,0.0,AO,1706589231
489,queenstown,-31.8976,26.8753,18.76,81,8,2.17,ZA,1706589061
490,horta,38.5333,-28.6333,16.12,91,93,3.13,PT,1706589231
491,wakkanai,45.4094,141.6739,-2.01,69,40,8.23,JP,1706589231
492,kourou,5.1552,-52.6478,24.03,89,28,3.8,GF,1706589232
493,paramonga,-10.6667,-77.8333,24.05,81,95,2.37,PE,1706589232
494,damghan,36.1683,54.348,2.32,53,5,0.45,IR,1706589232
495,tokar,18.4254,37.729,21.99,64,100,4.59,SD,1706589232
496,mareeba,-17.0,145.4333,34.13,69,98,2.43,AU,1706589232
497,east london,-33.0153,27.9116,23.52,83,100,9.26,ZA,1706589233
498,tshikapa,-6.4167,20.8,21.71,91,97,0.49,CD,1706589233
499,yass,-34.8333,148.9167,31.58,58,41,0.89,AU,1706589233
500,porto novo,6.4965,2.6036,24.43,84,1,0.67,BJ,1706589233
501,ndele,8.4109,20.6473,19.38,26,79,2.14,CF,1706589233
502,tosno,59.54,30.8775,1.58,97,100,1.63,RU,1706589234
503,gobabis,-22.45,18.9667,21.4,64,100,3.37,NA,1706589234
504,kulhudhuffushi,6.6221,73.07,27.44,70,30,3.86,MV,1706589234
505,taltal,-25.4,-70.4833,20.14,85,16,0.53,CL,1706589020
506,abaza,52.655,90.0928,-9.3,85,48,0.45,RU,1706589234
507,bayanaul,50.7889,75.6956,-12.37,76,100,1.14,KZ,1706589235
508,sinjai,-5.1241,120.253,28.4,77,99,1.36,ID,1706589235
509,rioja,-29.4111,-66.8507,27.11,38,0,2.18,AR,1706589006
510,san jose del guaviare,2.5729,-72.6459,24.84,52,97,0.58,CO,1706589235
511,nuwara eliya,6.9708,80.7829,18.61,76,71,1.9,LK,1706589235
512,baturaja,-4.1333,104.1667,26.4,85,99,1.63,ID,1706589235
513,namibe,-15.1961,12.1522,22.53,81,41,1.57,AO,1706589236
514,meulaboh,4.1363,96.1285,29.42,65,30,1.93,ID,1706589236
515,foster city,37.5586,-122.2711,17.34,78,0,2.57,US,1706589236
516,shizunai-furukawacho,42.3339,142.3669,2.08,65,39,5.74,JP,1706589236
517,al jahra',29.3375,47.6581,16.46,38,90,3.87,KW,1706589236
518,itacare,-14.2775,-38.9967,24.19,89,50,2.07,BR,1706589236
519,sayaxche,16.5167,-90.1667,17.65,96,100,1.32,GT,1706589237
520,saudarkrokur,65.7461,-19.6394,-2.97,74,91,6.8,IS,1706589237
521,nurota,40.5614,65.6886,2.29,66,65,6.07,UZ,1706589237
522,lyepyel',54.8814,28.6932,-1.57,84,100,3.33,BY,1706589237
523,sao joao dos patos,-6.495,-43.7022,21.85,83,52,1.24,BR,1706589237
524,tralee,52.2704,-9.7026,5.17,77,75,1.64,IE,1706589238
525,fort mcmurray,56.7268,-111.381,5.73,65,0,2.06,CA,1706589238
526,saint-pierre,-21.3393,55.4781,27.82,78,0,1.54,RE,1706589238
527,jianshui,23.6363,102.8264,19.01,52,45,4.46,CN,1706589238
528,taizhou,32.4933,119.9106,8.06,90,100,4.17,CN,1706589238
529,bafq,31.6128,55.4107,8.24,40,7,1.36,IR,1706589239
530,bargaal,11.2864,51.0773,25.42,72,60,3.78,SO,1706589239
531,choma,-16.8065,26.9531,18.5,83,1,2.07,ZM,1706589239
532,coquimbo,-29.9533,-71.3436,17.85,88,100,2.57,CL,1706589161
533,ugoofaaru,5.6667,73.0,27.49,73,14,4.61,MV,1706589239
